ano,filiados,mes,sigla
1988,3378,2,PR
1988,7403,2,PDT
1988,35845,2,DEM
1988,62,2,PTN
1988,12994,2,PTB
1988,10,2,PT DO B
1988,1,2,PRTB
1988,732,2,PTC
1988,13,2,PV
1988,90459,2,PMDB
1988,9668,2,PP
1988,1,2,PSTU
1988,205,2,PSC
1988,1148,2,PC DO B
1988,58,2,PSDB
1988,3896,2,PT
1988,162,2,PMN
1988,8,2,PCB
1988,2752,2,PSB
1988,1,2,PSL
1988,1,2,PSDC
1988,806,2,PPS
1988,3847,4,PR
1988,6765,4,PDT
1988,1,4,PTN
1988,3070,4,PSC
1988,212,4,PC DO B
1988,10,4,PSDB
1988,4622,4,PT
1988,6864,4,DEM
1988,8908,4,PTB
1988,628,4,PSB
1988,305,4,PTC
1988,174,4,PMN
1988,54,4,PSDC
1988,1434,4,PPS
1988,11,4,PCB
1988,5558,4,PP
1988,27,4,PV
1988,2356,4,PMDB
1988,1,4,PRP
1988,3606,1,PR
1988,1,1,SD
1988,5429,1,PDT
1988,3,1,PTN
1988,250,1,PSC
1988,11375,1,PC DO B
1988,28,1,PSDB
1988,3395,1,PT
1988,19200,1,DEM
1988,4949,1,PTB
1988,10285,1,PSB
1988,499,1,PMN
1988,12,1,PT DO B
1988,95,1,PTC
1988,1003,1,PPS
1988,135,1,PCB
1988,4977,1,PP
1988,20,1,PV
1988,23363,1,PMDB
1988,4,1,PRP
1988,6031,3,PR
1988,2,3,PCO
1988,13900,3,PDT
1988,2067,3,PTC
1988,8927,3,DEM
1988,13377,3,PTB
1988,2,3,PHS
1988,1,3,PRB
1988,4,3,PRTB
1988,83,3,PCB
1988,44,3,PV
1988,179229,3,PMDB
1988,25720,3,PP
1988,28,3,PTN
1988,1618,3,PSC
1988,503,3,PC DO B
1988,82,3,PSDB
1988,7675,3,PT
1988,835,3,PMN
1988,1781,3,PSB
1988,2,3,PSL
1988,26,3,PSDC
1988,1770,3,PPS
1988,4,3,PRP
1981,4,2,PR
1981,3334,2,PDT
1981,11,2,PTN
1981,4,2,PSC
1981,20,2,PC DO B
1981,4,2,PSDB
1981,702,2,PT
1981,44,2,DEM
1981,1191,2,PTB
1981,2,2,PSB
1981,1,2,PMN
1981,1,2,PT DO B
1981,2,2,PRB
1981,1,2,PTC
1981,2,2,PPS
1981,1,2,PRTB
1981,844,2,PP
1981,1,2,PSOL
1981,18384,2,PMDB
1981,7,4,PR
1981,565,4,PP
1981,3,4,PTN
1981,1,4,PSC
1981,2,4,PC DO B
1981,1,4,PSDB
1981,2764,4,PT
1981,15,4,DEM
1981,177,4,PTB
1981,1,4,PSB
1981,3,4,PPS
1981,19284,4,PDT
1981,3131,4,PMDB
1981,2,4,PRP
1981,3,1,PR
1981,3381,1,PDT
1981,1,1,PCB
1981,1,1,PSC
1981,12,1,PC DO B
1981,3,1,PSDB
1981,585,1,PT
1981,1,1,PMN
1981,7055,1,PTB
1981,3,1,PSB
1981,564,1,PP
1981,26,1,DEM
1981,3,1,PPS
1981,2,1,PTC
1981,5292,1,PMDB
1981,1,1,PRP
1981,6,3,PR
1981,14968,3,PDT
1981,11,3,PTN
1981,1,3,PSC
1981,3,3,PC DO B
1981,20,3,PSDB
1981,1626,3,PT
1981,1,3,PMN
1981,315,3,PTB
1981,1,3,PSB
1981,901,3,PP
1981,14,3,DEM
1981,22,3,PPS
1981,2,3,PTC
1981,37138,3,PMDB
1981,1,3,SD
1998,625,2,PR
1998,1108,2,PDT
1998,1,2,SD
1998,13,2,PTC
1998,1229,2,DEM
1998,808,2,PTB
1998,100,2,PHS
1998,162,2,PT DO B
1998,361,2,PRTB
1998,3,2,PSTU
1998,36,2,PV
1998,1229,2,PMDB
1998,4765,2,PP
1998,89,2,PTN
1998,49,2,PSC
1998,133,2,PC DO B
1998,1095,2,PSDB
1998,1175,2,PT
1998,110,2,PMN
1998,6,2,PCB
1998,506,2,PSB
1998,56,2,PSL
1998,59,2,PSDC
1998,535,2,PPS
1998,29,2,PRP
1998,839,4,PR
1998,2,4,PCO
1998,1401,4,PDT
1998,8,4,PTC
1998,2019,4,DEM
1998,1474,4,PTB
1998,219,4,PHS
1998,445,4,PT DO B
1998,269,4,PRTB
1998,51,4,PSTU
1998,138,4,PV
1998,2992,4,PMDB
1998,3101,4,PP
1998,129,4,PTN
1998,208,4,PSC
1998,186,4,PC DO B
1998,1643,4,PSDB
1998,1199,4,PT
1998,151,4,PMN
1998,1,4,PCB
1998,1516,4,PSB
1998,138,4,PSL
1998,68,4,PSDC
1998,630,4,PPS
1998,83,4,PRP
1998,285,1,PR
1998,835,1,PDT
1998,2,1,PTC
1998,384,1,PT DO B
1998,711,1,PTB
1998,57,1,PHS
1998,1182,1,DEM
1998,356,1,PRTB
1998,4,1,PSTU
1998,51,1,PV
1998,1384,1,PMDB
1998,2449,1,PP
1998,22,1,PTN
1998,71,1,PSC
1998,188,1,PC DO B
1998,750,1,PSDB
1998,1405,1,PT
1998,133,1,PMN
1998,15,1,PCB
1998,320,1,PSB
1998,124,1,PSL
1998,1,1,PRB
1998,991,1,PPS
1998,23,1,PRP
1998,130,1,PSDC
1998,1091,3,PR
1998,1463,3,PDT
1998,1,3,SD
1998,8,3,PTC
1998,276,3,PT DO B
1998,1572,3,PTB
1998,191,3,PHS
1998,1920,3,DEM
1998,318,3,PRTB
1998,19,3,PSTU
1998,167,3,PV
1998,3448,3,PMDB
1998,2481,3,PP
1998,52,3,PTN
1998,136,3,PSC
1998,162,3,PC DO B
1998,1378,3,PSDB
1998,3181,3,PT
1998,707,3,PMN
1998,5,3,PCB
1998,1155,3,PSB
1998,168,3,PSL
1998,1,3,PRB
1998,526,3,PPS
1998,223,3,PRP
1998,99,3,PSDC
2003,1127,2,PR
2003,1,2,PCO
2003,1447,2,PDT
2003,1,2,PSD
2003,324,2,PTC
2003,138,2,PT DO B
2003,1179,2,PTB
2003,568,2,PHS
2003,20464,2,DEM
2003,224,2,PRTB
2003,22,2,PSTU
2003,831,2,PV
2003,4048,2,PMDB
2003,1498,2,PP
2003,304,2,PTN
2003,217,2,PSC
2003,632,2,PC DO B
2003,4996,2,PSDB
2003,26047,2,PT
2003,279,2,PMN
2003,37,2,PCB
2003,870,2,PSB
2003,377,2,PSL
2003,1,2,PRB
2003,1115,2,PPS
2003,185,2,PRP
2003,735,2,PSDC
2003,3655,4,PR
2003,16,4,PCO
2003,4700,4,PDT
2003,665,4,PTC
2003,760,4,PT DO B
2003,2964,4,PTB
2003,1090,4,PHS
2003,3429,4,DEM
2003,907,4,PRTB
2003,78,4,PSTU
2003,1,4,PSOL
2003,17569,4,PMDB
2003,4056,4,PP
2003,671,4,PTN
2003,898,4,PSC
2003,1011,4,PC DO B
2003,10585,4,PSDB
2003,1706,4,PV
2003,14213,4,PT
2003,687,4,PMN
2003,43,4,PCB
2003,1715,4,PSB
2003,954,4,PSL
2003,6,4,PRB
2003,4001,4,PPS
2003,486,4,PRP
2003,1001,4,PSDC
2003,682,1,PR
2003,7,1,PCO
2003,2116,1,PDT
2003,118,1,PTC
2003,135,1,PT DO B
2003,1250,1,PTB
2003,453,1,PHS
2003,2861,1,DEM
2003,369,1,PRTB
2003,12,1,PSTU
2003,411,1,PV
2003,2552,1,PMDB
2003,1205,1,PP
2003,178,1,PTN
2003,167,1,PSC
2003,546,1,PC DO B
2003,4626,1,PSDB
2003,12466,1,PT
2003,354,1,PMN
2003,38,1,PCB
2003,808,1,PSB
2003,231,1,PSL
2003,1,1,PRB
2003,727,1,PPS
2003,247,1,PRP
2003,629,1,PSDC
2003,2502,3,PR
2003,6,3,PCO
2003,3600,3,PDT
2003,948,3,PTC
2003,483,3,PT DO B
2003,3378,3,PTB
2003,1872,3,PHS
2003,11656,3,DEM
2003,565,3,PRTB
2003,50,3,PSTU
2003,2,3,PSOL
2003,13006,3,PMDB
2003,3783,3,PP
2003,909,3,PTN
2003,805,3,PSC
2003,1149,3,PC DO B
2003,10355,3,PSDB
2003,1027,3,PV
2003,19237,3,PT
2003,567,3,PMN
2003,106,3,PCB
2003,1830,3,PSB
2003,611,3,PSL
2003,3,3,PRB
2003,2640,3,PPS
2003,827,3,PRP
2003,1236,3,PSDC
1993,351,2,PR
1993,905,2,PDT
1993,1,2,PSTU
1993,50,2,PSC
1993,71,2,PC DO B
1993,538,2,PSDB
1993,2215,2,PT
1993,1709,2,DEM
1993,317,2,PTB
1993,227,2,PSB
1993,180,2,PMN
1993,123,2,PT DO B
1993,1,2,PRB
1993,12,2,PTC
1993,77,2,PPS
1993,8,2,PCB
1993,275,2,PP
1993,17,2,PV
1993,690,2,PMDB
1993,370,2,PRP
1993,163,4,PR
1993,1864,4,PP
1993,55,4,PTC
1993,6,4,PSC
1993,57,4,PC DO B
1993,502,4,PSDB
1993,565,4,PT
1993,178,4,PMN
1993,284,4,PTB
1993,216,4,PSB
1993,221,4,PT DO B
1993,851,4,DEM
1993,78,4,PPS
1993,430,4,PDT
1993,9,4,PV
1993,557,4,PMDB
1993,269,4,PRP
1993,271,1,PR
1993,362,1,PDT
1993,386,1,PT DO B
1993,2,1,PTN
1993,96,1,PTB
1993,490,1,DEM
1993,4,1,PRTB
1993,56,1,PTC
1993,28,1,PV
1993,463,1,PMDB
1993,621,1,PP
1993,3,1,PSTU
1993,22,1,PSC
1993,106,1,PC DO B
1993,518,1,PSDB
1993,1173,1,PT
1993,253,1,PMN
1993,1,1,PCB
1993,184,1,PSB
1993,1,1,PSL
1993,280,1,PPS
1993,96,1,PRP
1993,269,3,PR
1993,1255,3,PDT
1993,10,3,PCB
1993,106,3,PSC
1993,263,3,PC DO B
1993,1744,3,PSDB
1993,4,3,PSTU
1993,2101,3,PT
1993,4133,3,DEM
1993,509,3,PTB
1993,579,3,PSB
1993,307,3,PMN
1993,540,3,PT DO B
1993,128,3,PTC
1993,75,3,PPS
1993,2,3,PRTB
1993,624,3,PP
1993,44,3,PV
1993,926,3,PMDB
1993,1294,3,PRP
2010,345,2,PR
2010,1240,2,PDT
2010,5,2,PSD
2010,2,2,PSTU
2010,255,2,DEM
2010,387,2,PTB
2010,153,2,PHS
2010,53,2,PT DO B
2010,39,2,PMN
2010,99,2,PRTB
2010,249,2,PTC
2010,321,2,PSOL
2010,829,2,PMDB
2010,565,2,PP
2010,175,2,PTN
2010,416,2,PSC
2010,397,2,PC DO B
2010,1560,2,PSDB
2010,570,2,PV
2010,1514,2,PT
2010,409,2,PRB
2010,3,2,PCB
2010,445,2,PSB
2010,84,2,PSL
2010,11,2,PPL
2010,142,2,PSDC
2010,406,2,PPS
2010,51,2,PRP
2010,1387,4,PR
2010,1740,4,PDT
2010,8,4,PSD
2010,2,4,PSTU
2010,1086,4,DEM
2010,1393,4,PTB
2010,250,4,PHS
2010,235,4,PT DO B
2010,200,4,PMN
2010,132,4,PRTB
2010,326,4,PTC
2010,513,4,PSOL
2010,3828,4,PMDB
2010,1949,4,PP
2010,199,4,PTN
2010,2561,4,PSC
2010,599,4,PC DO B
2010,2472,4,PSDB
2010,1194,4,PV
2010,2211,4,PT
2010,1242,4,PRB
2010,10,4,PCB
2010,1505,4,PSB
2010,211,4,PSL
2010,9,4,PPL
2010,453,4,PSDC
2010,469,4,PPS
2010,93,4,PRP
2010,465,1,PR
2010,1,1,PCO
2010,1339,1,PDT
2010,12,1,PSD
2010,25,1,PSTU
2010,404,1,DEM
2010,846,1,PTB
2010,244,1,PHS
2010,165,1,PT DO B
2010,469,1,PMN
2010,106,1,PRTB
2010,126,1,PTC
2010,315,1,PSOL
2010,1674,1,PMDB
2010,619,1,PP
2010,221,1,PTN
2010,469,1,PSC
2010,721,1,PC DO B
2010,1258,1,PSDB
2010,543,1,PV
2010,1985,1,PT
2010,476,1,PRB
2010,7,1,PCB
2010,1086,1,PSB
2010,125,1,PSL
2010,5,1,PPL
2010,145,1,PSDC
2010,232,1,PPS
2010,117,1,PRP
2010,866,3,PR
2010,1355,3,PDT
2010,2,3,PSD
2010,4,3,PSTU
2010,667,3,DEM
2010,998,3,PTB
2010,217,3,PHS
2010,161,3,PT DO B
2010,694,3,PMN
2010,229,3,PRTB
2010,197,3,PTC
2010,733,3,PSOL
2010,2162,3,PMDB
2010,1071,3,PP
2010,328,3,PTN
2010,2190,3,PSC
2010,611,3,PC DO B
2010,3564,3,PSDB
2010,1096,3,PV
2010,2365,3,PT
2010,1393,3,PRB
2010,7,3,PCB
2010,1489,3,PSB
2010,282,3,PSL
2010,3,3,PPL
2010,438,3,PSDC
2010,366,3,PPS
2010,166,3,PRP
2004,1461,2,PR
2004,10,2,PCO
2004,1410,2,PDT
2004,2,2,PSD
2004,71,2,PTC
2004,261,2,PT DO B
2004,1935,2,PTB
2004,408,2,PHS
2004,1586,2,DEM
2004,213,2,PRTB
2004,1,2,PSTU
2004,1291,2,PV
2004,3634,2,PMDB
2004,1332,2,PP
2004,611,2,PTN
2004,559,2,PSC
2004,874,2,PC DO B
2004,1716,2,PSDB
2004,10482,2,PT
2004,888,2,PMN
2004,84,2,PCB
2004,673,2,PSB
2004,218,2,PSL
2004,4,2,PRB
2004,1186,2,PPS
2004,206,2,PRP
2004,1055,2,PSDC
2004,3242,4,PR
2004,2,4,PCO
2004,3034,4,PDT
2004,476,4,PTC
2004,1523,4,PT DO B
2004,5481,4,PTB
2004,2588,4,PHS
2004,2271,4,DEM
2004,494,4,PRTB
2004,16,4,PSTU
2004,1884,4,PV
2004,5522,4,PMDB
2004,2761,4,PP
2004,985,4,PTN
2004,1123,4,PSC
2004,631,4,PC DO B
2004,3533,4,PSDB
2004,7582,4,PT
2004,1219,4,PMN
2004,40,4,PCB
2004,1387,4,PSB
2004,1532,4,PSL
2004,9,4,PRB
2004,2165,4,PPS
2004,630,4,PRP
2004,1637,4,PSDC
2004,1353,1,PR
2004,10,1,PCO
2004,1477,1,PDT
2004,2,1,PSD
2004,92,1,PTC
2004,1380,1,PT DO B
2004,1234,1,PTB
2004,416,1,PHS
2004,952,1,DEM
2004,252,1,PRTB
2004,5,1,PSTU
2004,1302,1,PV
2004,3299,1,PMDB
2004,867,1,PP
2004,1235,1,PTN
2004,703,1,PSC
2004,540,1,PC DO B
2004,1769,1,PSDB
2004,6882,1,PT
2004,601,1,PMN
2004,110,1,PCB
2004,931,1,PSB
2004,377,1,PSL
2004,11,1,PRB
2004,1130,1,PPS
2004,350,1,PRP
2004,976,1,PSDC
2004,3304,3,PR
2004,34,3,PCO
2004,2836,3,PDT
2004,1,3,PSD
2004,380,3,PTC
2004,1116,3,PT DO B
2004,5240,3,PTB
2004,914,3,PHS
2004,3266,3,DEM
2004,503,3,PRTB
2004,1,3,PSTU
2004,1706,3,PV
2004,6358,3,PMDB
2004,2528,3,PP
2004,1447,3,PTN
2004,845,3,PSC
2004,1110,3,PC DO B
2004,4919,3,PSDB
2004,18374,3,PT
2004,1998,3,PMN
2004,70,3,PCB
2004,1613,3,PSB
2004,473,3,PSL
2004,5,3,PRB
2004,2861,3,PPS
2004,437,3,PRP
2004,1527,3,PSDC
1987,120,2,PR
1987,84,2,PP
1987,1,2,PTC
1987,1,2,PSC
1987,26,2,PC DO B
1987,19,2,PSDB
1987,936,2,PT
1987,2,2,PMN
1987,358,2,PTB
1987,54,2,PSB
1987,276,2,DEM
1987,147,2,PPS
1987,684,2,PDT
1987,1562,2,PMDB
1987,154,4,PR
1987,27,4,PP
1987,8,4,PTC
1987,1,4,PSC
1987,4,4,PC DO B
1987,3,4,PSDB
1987,676,4,PT
1987,14,4,PMN
1987,383,4,PTB
1987,8,4,PSB
1987,133,4,DEM
1987,10,4,PPS
1987,1205,4,PDT
1987,1259,4,PMDB
1987,150,1,PR
1987,294,1,PDT
1987,1,1,PCB
1987,1,1,PSD
1987,122,1,PC DO B
1987,8,1,PSDB
1987,715,1,PT
1987,2,1,PMN
1987,351,1,PTB
1987,88,1,PSB
1987,115,1,PP
1987,185,1,DEM
1987,53,1,PPS
1987,2,1,PTC
1987,1128,1,PMDB
1987,1,1,PSC
1987,226,3,PR
1987,1,3,SD
1987,1954,3,PDT
1987,2,3,PTN
1987,2,3,PSC
1987,28,3,PC DO B
1987,41,3,PSDB
1987,1980,3,PT
1987,2,3,PMN
1987,1022,3,PTB
1987,42,3,PSB
1987,137,3,PP
1987,225,3,DEM
1987,52,3,PPS
1987,4,3,PTC
1987,1607,3,PMDB
1987,1,3,PRP
2002,1228,2,PR
2002,2,2,PCO
2002,1066,2,PDT
2002,5,2,PSD
2002,133,2,PTC
2002,86,2,PT DO B
2002,1419,2,PTB
2002,175,2,PHS
2002,1243,2,DEM
2002,125,2,PRTB
2002,6,2,PSTU
2002,170,2,PV
2002,1861,2,PMDB
2002,1781,2,PP
2002,176,2,PTN
2002,189,2,PSC
2002,372,2,PC DO B
2002,1861,2,PSDB
2002,3471,2,PT
2002,145,2,PMN
2002,10,2,PCB
2002,692,2,PSB
2002,373,2,PSL
2002,2,2,PRB
2002,799,2,PPS
2002,137,2,PRP
2002,101,2,PSDC
2002,2247,4,PR
2002,6,4,PCO
2002,2192,4,PDT
2002,1,4,PSD
2002,183,4,PTC
2002,245,4,PT DO B
2002,1700,4,PTB
2002,528,4,PHS
2002,2226,4,DEM
2002,248,4,PRTB
2002,10,4,PSTU
2002,335,4,PV
2002,2829,4,PMDB
2002,2732,4,PP
2002,241,4,PTN
2002,316,4,PSC
2002,409,4,PC DO B
2002,6039,4,PSDB
2002,4131,4,PT
2002,124,4,PMN
2002,2,4,PCB
2002,955,4,PSB
2002,318,4,PSL
2002,1,4,PRB
2002,796,4,PPS
2002,414,4,PRP
2002,96,4,PSDC
2002,858,1,PR
2002,2,1,PCO
2002,961,1,PDT
2002,2,1,PSD
2002,54,1,PTC
2002,1052,1,DEM
2002,1965,1,PTB
2002,104,1,PHS
2002,88,1,PT DO B
2002,182,1,PRTB
2002,6,1,PSTU
2002,247,1,PV
2002,2003,1,PMDB
2002,2024,1,PP
2002,143,1,PTN
2002,153,1,PSC
2002,380,1,PC DO B
2002,1763,1,PSDB
2002,3808,1,PT
2002,137,1,PMN
2002,6,1,PCB
2002,857,1,PSB
2002,345,1,PSL
2002,302,1,PSDC
2002,495,1,PPS
2002,153,1,PRP
2002,1843,3,PR
2002,14,3,PCO
2002,2381,3,PDT
2002,13,3,PSD
2002,68,3,PTC
2002,1684,3,DEM
2002,3031,3,PTB
2002,354,3,PHS
2002,255,3,PT DO B
2002,159,3,PRTB
2002,11,3,PSTU
2002,365,3,PV
2002,2637,3,PMDB
2002,2764,3,PP
2002,286,3,PTN
2002,114,3,PSC
2002,331,3,PC DO B
2002,2590,3,PSDB
2002,5648,3,PT
2002,214,3,PMN
2002,4,3,PCB
2002,1083,3,PSB
2002,551,3,PSL
2002,87,3,PSDC
2002,796,3,PPS
2002,446,3,PRP
1984,28,2,PP
1984,1,2,PTN
1984,1,2,PSC
1984,1,2,PC DO B
1984,23,2,PSDB
1984,840,2,PT
1984,2,2,PMN
1984,251,2,PTB
1984,1,2,PSB
1984,5,2,DEM
1984,1,2,PPS
1984,488,2,PDT
1984,1,2,PV
1984,506,2,PMDB
1984,2,4,PR
1984,37,4,PP
1984,306,4,PDT
1984,1,4,PSC
1984,1,4,PC DO B
1984,4,4,PSDB
1984,92,4,PT
1984,1,4,PMN
1984,113,4,PTB
1984,2,4,PSB
1984,5,4,DEM
1984,1,4,PPS
1984,2,4,PV
1984,244,4,PMDB
1984,3,1,PR
1984,48,1,PP
1984,357,1,PDT
1984,10,1,PC DO B
1984,2,1,PSDB
1984,740,1,PT
1984,1,1,PMN
1984,289,1,PTB
1984,3,1,PSB
1984,11,1,DEM
1984,3,1,PPS
1984,735,1,PMDB
1984,1,3,PR
1984,310,3,PTB
1984,111,3,PP
1984,644,3,PDT
1984,2,3,PC DO B
1984,3,3,PSB
1984,2,3,PPS
1984,12,3,PSDB
1984,759,3,PT
1984,4,3,DEM
1984,602,3,PMDB
2006,520,2,PR
2006,1244,2,PDT
2006,31,2,PTC
2006,56,2,PT DO B
2006,814,2,PTB
2006,194,2,PHS
2006,1196,2,DEM
2006,79,2,PRTB
2006,3,2,PSTU
2006,314,2,PSOL
2006,5001,2,PMDB
2006,855,2,PP
2006,162,2,PTN
2006,339,2,PSC
2006,366,2,PC DO B
2006,2386,2,PSDB
2006,512,2,PV
2006,2199,2,PT
2006,94,2,PMN
2006,7,2,PCB
2006,356,2,PSB
2006,136,2,PSL
2006,174,2,PRB
2006,796,2,PPS
2006,85,2,PRP
2006,188,2,PSDC
2006,619,4,PR
2006,1483,4,PDT
2006,1,4,PSD
2006,101,4,PTC
2006,111,4,PT DO B
2006,1062,4,PTB
2006,178,4,PHS
2006,1245,4,DEM
2006,105,4,PRTB
2006,8,4,PSTU
2006,150,4,PSOL
2006,4785,4,PMDB
2006,950,4,PP
2006,172,4,PTN
2006,350,4,PSC
2006,286,4,PC DO B
2006,2859,4,PSDB
2006,432,4,PV
2006,1959,4,PT
2006,85,4,PMN
2006,13,4,PCB
2006,1202,4,PSB
2006,311,4,PSL
2006,470,4,PRB
2006,461,4,PPS
2006,139,4,PRP
2006,155,4,PSDC
2006,359,1,PR
2006,1666,1,PDT
2006,69,1,PTC
2006,12,1,PT DO B
2006,733,1,PTB
2006,137,1,PHS
2006,738,1,DEM
2006,122,1,PRTB
2006,6,1,PSTU
2006,3873,1,PSOL
2006,4518,1,PMDB
2006,918,1,PP
2006,242,1,PTN
2006,270,1,PSC
2006,341,1,PC DO B
2006,2485,1,PSDB
2006,411,1,PV
2006,1931,1,PT
2006,124,1,PMN
2006,20,1,PCB
2006,665,1,PSB
2006,253,1,PSL
2006,339,1,PRB
2006,540,1,PPS
2006,76,1,PRP
2006,203,1,PSDC
2006,692,3,PR
2006,3191,3,PDT
2006,1,3,PSD
2006,131,3,PTC
2006,114,3,PT DO B
2006,1315,3,PTB
2006,233,3,PHS
2006,1563,3,DEM
2006,120,3,PRTB
2006,1,3,PSTU
2006,260,3,PSOL
2006,7403,3,PMDB
2006,1405,3,PP
2006,157,3,PTN
2006,442,3,PSC
2006,669,3,PC DO B
2006,4206,3,PSDB
2006,719,3,PV
2006,2918,3,PT
2006,847,3,PMN
2006,31,3,PCB
2006,721,3,PSB
2006,157,3,PSL
2006,255,3,PRB
2006,848,3,PPS
2006,100,3,PRP
2006,352,3,PSDC
1997,68,2,PR
1997,1,2,PCO
1997,192,2,PDT
1997,1,2,PTC
1997,59,2,PT DO B
1997,245,2,PTB
1997,65,2,PHS
1997,384,2,DEM
1997,16,2,PRTB
1997,5,2,PCB
1997,47,2,PV
1997,1522,2,PMDB
1997,415,2,PP
1997,1,2,PTN
1997,29,2,PSC
1997,87,2,PC DO B
1997,1516,2,PSDB
1997,1030,2,PT
1997,17,2,PMN
1997,85,2,PSB
1997,40,2,PSL
1997,6,2,PRB
1997,110,2,PPS
1997,92,2,PRP
1997,5,2,PSDC
1997,222,4,PR
1997,341,4,PDT
1997,4,4,PTC
1997,1150,4,DEM
1997,849,4,PTB
1997,41,4,PHS
1997,24,4,PT DO B
1997,9,4,PRTB
1997,6,4,PSTU
1997,15,4,PV
1997,1328,4,PMDB
1997,744,4,PP
1997,28,4,PTN
1997,21,4,PSC
1997,75,4,PC DO B
1997,1996,4,PSDB
1997,12462,4,PT
1997,34,4,PMN
1997,2,4,PCB
1997,257,4,PSB
1997,60,4,PSL
1997,283,4,PSDC
1997,180,4,PPS
1997,69,4,PRP
1997,361,1,PR
1997,196,1,PDT
1997,45,1,PTC
1997,80,1,PT DO B
1997,259,1,PTB
1997,99,1,PHS
1997,255,1,DEM
1997,19,1,PRTB
1997,10,1,PSTU
1997,36,1,PV
1997,4049,1,PMDB
1997,450,1,PP
1997,2,1,PTN
1997,39,1,PSC
1997,105,1,PC DO B
1997,1611,1,PSDB
1997,1715,1,PT
1997,54,1,PMN
1997,220,1,PCB
1997,179,1,PSB
1997,32,1,PSL
1997,4,1,PRB
1997,134,1,PPS
1997,64,1,PRP
1997,66,1,PSDC
1997,201,3,PR
1997,285,3,PDT
1997,2,3,PTC
1997,106,3,PT DO B
1997,744,3,PTB
1997,283,3,PHS
1997,502,3,DEM
1997,24,3,PRTB
1997,3,3,PSTU
1997,16,3,PV
1997,1968,3,PMDB
1997,814,3,PP
1997,7,3,PTN
1997,72,3,PSC
1997,129,3,PC DO B
1997,2476,3,PSDB
1997,4696,3,PT
1997,90,3,PMN
1997,4,3,PCB
1997,286,3,PSB
1997,71,3,PSL
1997,9,3,PRB
1997,246,3,PPS
1997,86,3,PRP
1997,8,3,PSDC
2009,203,2,PR
2009,786,2,PDT
2009,25,2,PTC
2009,244,2,PT DO B
2009,346,2,PTB
2009,165,2,PHS
2009,417,2,DEM
2009,156,2,PRTB
2009,4,2,PSTU
2009,329,2,PSOL
2009,1448,2,PMDB
2009,1004,2,PP
2009,61,2,PTN
2009,203,2,PSC
2009,394,2,PC DO B
2009,2167,2,PSDB
2009,724,2,PV
2009,1255,2,PT
2009,104,2,PMN
2009,1,2,PCB
2009,658,2,PSB
2009,49,2,PSL
2009,3051,2,PRB
2009,1283,2,PPS
2009,60,2,PRP
2009,51,2,PSDC
2009,657,4,PR
2009,1,4,PCO
2009,1269,4,PDT
2009,4,4,PSTU
2009,519,4,DEM
2009,679,4,PTB
2009,274,4,PHS
2009,283,4,PT DO B
2009,201,4,PMN
2009,155,4,PRTB
2009,124,4,PTC
2009,2019,4,PSOL
2009,4536,4,PMDB
2009,729,4,PP
2009,161,4,PTN
2009,293,4,PSC
2009,613,4,PC DO B
2009,1756,4,PSDB
2009,470,4,PV
2009,870,4,PT
2009,2548,4,PRB
2009,7,4,PCB
2009,898,4,PSB
2009,202,4,PSL
2009,4,4,PPL
2009,134,4,PSDC
2009,1673,4,PPS
2009,177,4,PRP
2009,287,1,PR
2009,972,1,PDT
2009,21,1,PTC
2009,498,1,PT DO B
2009,425,1,PTB
2009,112,1,PHS
2009,673,1,DEM
2009,257,1,PRTB
2009,1,1,PSTU
2009,307,1,PSOL
2009,1528,1,PMDB
2009,753,1,PP
2009,85,1,PTN
2009,317,1,PSC
2009,299,1,PC DO B
2009,2621,1,PSDB
2009,469,1,PV
2009,1509,1,PT
2009,27,1,PMN
2009,2,1,PCB
2009,716,1,PSB
2009,44,1,PSL
2009,722,1,PRB
2009,511,1,PPS
2009,106,1,PRP
2009,132,1,PSDC
2009,949,3,PR
2009,1035,3,PDT
2009,237,3,PTC
2009,111,3,PT DO B
2009,1103,3,PTB
2009,251,3,PHS
2009,559,3,DEM
2009,42,3,PRTB
2009,8,3,PSTU
2009,2035,3,PSOL
2009,6569,3,PMDB
2009,1379,3,PP
2009,819,3,PTN
2009,601,3,PSC
2009,885,3,PC DO B
2009,2635,3,PSDB
2009,620,3,PV
2009,2741,3,PT
2009,84,3,PMN
2009,11,3,PCB
2009,1282,3,PSB
2009,62,3,PSL
2009,3358,3,PRB
2009,3111,3,PPS
2009,130,3,PRP
2009,237,3,PSDC
2012,482,2,PR
2012,1857,2,PDT
2012,3897,2,PSD
2012,18,2,PSTU
2012,393,2,DEM
2012,1108,2,PTB
2012,2,2,PEN
2012,209,2,PT DO B
2012,471,2,PMN
2012,176,2,PRTB
2012,259,2,PTC
2012,157,2,PSOL
2012,1672,2,PMDB
2012,2,2,SD
2012,1304,2,PP
2012,385,2,PTN
2012,1024,2,PSC
2012,566,2,PC DO B
2012,1536,2,PSDB
2012,1181,2,PV
2012,3943,2,PT
2012,636,2,PRB
2012,6,2,PCB
2012,4143,2,PSB
2012,242,2,PSL
2012,134,2,PPL
2012,177,2,PSDC
2012,367,2,PPS
2012,598,2,PHS
2012,429,2,PRP
2012,1834,4,PR
2012,4548,4,PDT
2012,15847,4,PSD
2012,15,4,PSTU
2012,1381,4,DEM
2012,2664,4,PTB
2012,4,4,PEN
2012,792,4,PT DO B
2012,543,4,PMN
2012,524,4,PRTB
2012,468,4,PTC
2012,385,4,PSOL
2012,3085,4,PMDB
2012,7,4,SD
2012,2539,4,PP
2012,866,4,PTN
2012,2342,4,PSC
2012,808,4,PC DO B
2012,2013,4,PSDB
2012,2166,4,PV
2012,4270,4,PT
2012,2240,4,PRB
2012,8,4,PCB
2012,9,4,PROS
2012,2969,4,PSB
2012,510,4,PSL
2012,949,4,PPL
2012,1716,4,PSDC
2012,773,4,PPS
2012,535,4,PHS
2012,729,4,PRP
2012,418,1,PR
2012,1864,1,PDT
2012,3110,1,PSD
2012,22,1,PSTU
2012,680,1,DEM
2012,643,1,PTB
2012,524,1,PHS
2012,222,1,PT DO B
2012,242,1,PMN
2012,511,1,PRTB
2012,221,1,PTC
2012,242,1,PSOL
2012,2378,1,PMDB
2012,1368,1,PP
2012,466,1,PTN
2012,837,1,PSC
2012,557,1,PC DO B
2012,1585,1,PSDB
2012,835,1,PV
2012,2008,1,PT
2012,928,1,PRB
2012,3,1,PCB
2012,1391,1,PSB
2012,355,1,PSL
2012,315,1,PPL
2012,271,1,PSDC
2012,322,1,PPS
2012,664,1,PRP
2012,2600,3,PR
2012,14246,3,PDT
2012,7190,3,PSD
2012,16,3,PSTU
2012,904,3,DEM
2012,2385,3,PTB
2012,1,3,PEN
2012,836,3,PT DO B
2012,674,3,PMN
2012,290,3,PRTB
2012,498,3,PTC
2012,404,3,PSOL
2012,2852,3,PMDB
2012,1,3,SD
2012,2453,3,PP
2012,698,3,PTN
2012,2073,3,PSC
2012,794,3,PC DO B
2012,2357,3,PSDB
2012,1429,3,PV
2012,8065,3,PT
2012,2214,3,PRB
2012,6,3,PCB
2012,2627,3,PSB
2012,624,3,PSL
2012,160,3,PPL
2012,532,3,PSDC
2012,732,3,PPS
2012,654,3,PHS
2012,608,3,PRP
1996,2042,2,PR
1996,1,2,PCO
1996,1270,2,PDT
1996,34,2,PTC
1996,677,2,PT DO B
1996,4391,2,PTB
1996,403,2,PHS
1996,1694,2,DEM
1996,252,2,PRTB
1996,99,2,PSTU
1996,607,2,PV
1996,1497,2,PMDB
1996,4078,2,PP
1996,85,2,PTN
1996,1280,2,PSC
1996,247,2,PC DO B
1996,1887,2,PSDB
1996,1424,2,PT
1996,609,2,PMN
1996,10,2,PCB
1996,1148,2,PSB
1996,1164,2,PSL
1996,4,2,PRB
1996,2017,2,PPS
1996,340,2,PRP
1996,1132,2,PSDC
1996,840,4,PR
1996,658,4,PDT
1996,56,4,PTC
1996,630,4,DEM
1996,1499,4,PTB
1996,265,4,PHS
1996,750,4,PT DO B
1996,145,4,PRTB
1996,23,4,PSTU
1996,295,4,PV
1996,1199,4,PMDB
1996,2597,4,PP
1996,152,4,PTN
1996,805,4,PSC
1996,116,4,PC DO B
1996,1281,4,PSDB
1996,1198,4,PT
1996,377,4,PMN
1996,32,4,PCB
1996,794,4,PSB
1996,816,4,PSL
1996,547,4,PSDC
1996,660,4,PPS
1996,419,4,PRP
1996,2110,1,PR
1996,3,1,PCO
1996,2623,1,PDT
1996,373,1,PTC
1996,1459,1,PT DO B
1996,4940,1,PTB
1996,372,1,PHS
1996,1729,1,DEM
1996,345,1,PRTB
1996,65,1,PSTU
1996,850,1,PV
1996,2388,1,PMDB
1996,7351,1,PP
1996,291,1,PTN
1996,1407,1,PSC
1996,306,1,PC DO B
1996,2450,1,PSDB
1996,1536,1,PT
1996,918,1,PMN
1996,43,1,PCB
1996,1104,1,PSB
1996,991,1,PSL
1996,22,1,PRB
1996,1215,1,PPS
1996,1893,1,PRP
1996,1710,1,PSDC
1996,1643,3,PR
1996,1,3,PCO
1996,2044,3,PDT
1996,147,3,PTC
1996,1420,3,DEM
1996,3093,3,PTB
1996,1770,3,PHS
1996,1645,3,PT DO B
1996,189,3,PRTB
1996,3,3,PSTU
1996,561,3,PV
1996,2767,3,PMDB
1996,5594,3,PP
1996,357,3,PTN
1996,1483,3,PSC
1996,341,3,PC DO B
1996,2422,3,PSDB
1996,2814,3,PT
1996,1225,3,PMN
1996,35,3,PCB
1996,1723,3,PSB
1996,1240,3,PSL
1996,1592,3,PSDC
1996,1332,3,PPS
1996,1416,3,PRP
2011,738,2,PR
2011,1337,2,PDT
2011,20,2,PSD
2011,1,2,PSTU
2011,821,2,DEM
2011,790,2,PTB
2011,1,2,PEN
2011,235,2,PT DO B
2011,187,2,PMN
2011,170,2,PRTB
2011,255,2,PTC
2011,1034,2,PSOL
2011,2872,2,PMDB
2011,1431,2,PP
2011,259,2,PTN
2011,581,2,PSC
2011,1390,2,PC DO B
2011,5967,2,PSDB
2011,819,2,PV
2011,6465,2,PT
2011,795,2,PRB
2011,10,2,PCB
2011,809,2,PSB
2011,347,2,PSL
2011,10,2,PPL
2011,571,2,PSDC
2011,426,2,PPS
2011,426,2,PHS
2011,212,2,PRP
2011,3115,4,PR
2011,7,4,PCO
2011,9053,4,PDT
2011,228,4,PSD
2011,8,4,PSTU
2011,2847,4,DEM
2011,3359,4,PTB
2011,1543,4,PHS
2011,1393,4,PT DO B
2011,553,4,PMN
2011,562,4,PRTB
2011,938,4,PTC
2011,4956,4,PSOL
2011,12809,4,PMDB
2011,6,4,SD
2011,4835,4,PP
2011,948,4,PTN
2011,3295,4,PSC
2011,3075,4,PC DO B
2011,4624,4,PSDB
2011,3552,4,PV
2011,13374,4,PT
2011,3025,4,PRB
2011,23,4,PCB
2011,4056,4,PSB
2011,1416,4,PSL
2011,3,4,PPL
2011,1223,4,PSDC
2011,1846,4,PPS
2011,855,4,PRP
2011,374,1,PR
2011,1233,1,PDT
2011,87,1,PSD
2011,3,1,PSTU
2011,439,1,DEM
2011,695,1,PTB
2011,236,1,PHS
2011,210,1,PT DO B
2011,127,1,PMN
2011,39,1,PRTB
2011,126,1,PTC
2011,368,1,PSOL
2011,1931,1,PMDB
2011,918,1,PP
2011,235,1,PTN
2011,674,1,PSC
2011,946,1,PC DO B
2011,7935,1,PSDB
2011,929,1,PV
2011,4700,1,PT
2011,576,1,PRB
2011,11,1,PCB
2011,724,1,PSB
2011,196,1,PSL
2011,23,1,PPL
2011,549,1,PSDC
2011,537,1,PPS
2011,463,1,PRP
2011,1491,3,PR
2011,3034,3,PDT
2011,45,3,PSD
2011,6,3,PSTU
2011,1208,3,DEM
2011,1461,3,PTB
2011,867,3,PHS
2011,582,3,PT DO B
2011,291,3,PMN
2011,543,3,PRTB
2011,576,3,PTC
2011,3296,3,PSOL
2011,8257,3,PMDB
2011,1,3,SD
2011,2422,3,PP
2011,416,3,PTN
2011,1437,3,PSC
2011,1374,3,PC DO B
2011,5009,3,PSDB
2011,1837,3,PV
2011,12632,3,PT
2011,2097,3,PRB
2011,93,3,PCB
2011,1808,3,PSB
2011,811,3,PSL
2011,6,3,PPL
2011,1389,3,PSDC
2011,696,3,PPS
2011,442,3,PRP
1999,608,2,PR
1999,2,2,PCO
1999,920,2,PDT
1999,4,2,PTC
1999,50907,2,DEM
1999,2746,2,PTB
1999,233,2,PHS
1999,120,2,PT DO B
1999,89,2,PRTB
1999,3,2,PSTU
1999,598,2,PV
1999,3936,2,PMDB
1999,894,2,PP
1999,174,2,PTN
1999,229,2,PSC
1999,257,2,PC DO B
1999,3881,2,PSDB
1999,1814,2,PT
1999,86,2,PMN
1999,7,2,PCB
1999,444,2,PSB
1999,200,2,PSL
1999,94,2,PSDC
1999,651,2,PPS
1999,154,2,PRP
1999,2163,4,PR
1999,3035,4,PDT
1999,23,4,PTC
1999,377,4,PT DO B
1999,6845,4,PTB
1999,689,4,PHS
1999,7221,4,DEM
1999,465,4,PRTB
1999,25,4,PSTU
1999,653,4,PV
1999,11064,4,PMDB
1999,5351,4,PP
1999,367,4,PTN
1999,523,4,PSC
1999,818,4,PC DO B
1999,14658,4,PSDB
1999,6909,4,PT
1999,302,4,PMN
1999,11,4,PCB
1999,1170,4,PSB
1999,380,4,PSL
1999,1,4,PRB
1999,1781,4,PPS
1999,227,4,PRP
1999,514,4,PSDC
1999,397,1,PR
1999,658,1,PDT
1999,19,1,PTC
1999,4783,1,DEM
1999,3849,1,PTB
1999,194,1,PHS
1999,26,1,PT DO B
1999,154,1,PRTB
1999,8,1,PSTU
1999,229,1,PV
1999,3193,1,PMDB
1999,1223,1,PP
1999,130,1,PTN
1999,146,1,PSC
1999,499,1,PC DO B
1999,4062,1,PSDB
1999,4718,1,PT
1999,121,1,PMN
1999,11,1,PCB
1999,322,1,PSB
1999,371,1,PSL
1999,97,1,PSDC
1999,741,1,PPS
1999,242,1,PRP
1999,1985,3,PR
1999,2556,3,PDT
1999,86,3,PTC
1999,262,3,PT DO B
1999,3608,3,PTB
1999,765,3,PHS
1999,19383,3,DEM
1999,234,3,PRTB
1999,17,3,PSTU
1999,640,3,PV
1999,23370,3,PMDB
1999,3852,3,PP
1999,517,3,PTN
1999,173,3,PSC
1999,379,3,PC DO B
1999,11142,3,PSDB
1999,4757,3,PT
1999,463,3,PMN
1999,29,3,PCB
1999,1164,3,PSB
1999,434,3,PSL
1999,1,3,PRB
1999,2787,3,PPS
1999,413,3,PRP
1999,1029,3,PSDC
1986,97,2,PR
1986,2280,2,PDT
1986,1,2,PTN
1986,4,2,PSC
1986,9,2,PC DO B
1986,9,2,PSDB
1986,3198,2,PT
1986,17,2,PMN
1986,1489,2,PTB
1986,66,2,PSB
1986,1,2,PSL
1986,2678,2,DEM
1986,50,2,PPS
1986,2,2,PTC
1986,361,2,PP
1986,1,2,PV
1986,1550,2,PMDB
1986,48,4,PR
1986,1,4,SD
1986,244,4,PP
1986,1,4,PSTU
1986,196,4,PSC
1986,14,4,PC DO B
1986,1,4,PSDB
1986,1243,4,PT
1986,22,4,PMN
1986,2256,4,PTB
1986,20,4,PSB
1986,1,4,PT DO B
1986,1625,4,DEM
1986,9,4,PPS
1986,2320,4,PDT
1986,1813,4,PMDB
1986,2,4,PRP
1986,31,1,PR
1986,2245,1,PDT
1986,1,1,PCB
1986,3,1,PSC
1986,18,1,PC DO B
1986,8,1,PSDB
1986,1,1,PSOL
1986,1651,1,PT
1986,38279,1,DEM
1986,1524,1,PTB
1986,18,1,PSB
1986,1,1,PSL
1986,2,1,PMN
1986,2,1,PSDC
1986,1,1,PTC
1986,64,1,PPS
1986,1,1,PRTB
1986,212,1,PP
1986,3,1,PV
1986,1486,1,PMDB
1986,13,1,PRP
1986,66,3,PR
1986,3400,3,PDT
1986,2,3,PCB
1986,134,3,PSC
1986,14,3,PC DO B
1986,8,3,PSDB
1986,3984,3,PT
1986,47,3,PMN
1986,2576,3,PTB
1986,41,3,PSB
1986,694,3,PP
1986,2566,3,DEM
1986,86,3,PPS
1986,3,3,PTC
1986,1,3,PV
1986,1993,3,PMDB
1986,2,3,PRP
2008,1192,2,PR
2008,2309,2,PDT
2008,621,2,PTC
2008,671,2,PT DO B
2008,7794,2,PTB
2008,418,2,PHS
2008,2292,2,DEM
2008,236,2,PRTB
2008,2,2,PSTU
2008,336,2,PSOL
2008,3008,2,PMDB
2008,1453,2,PP
2008,406,2,PTN
2008,1749,2,PSC
2008,647,2,PC DO B
2008,2076,2,PSDB
2008,1503,2,PV
2008,3067,2,PT
2008,242,2,PMN
2008,10,2,PCB
2008,7034,2,PSB
2008,463,2,PSL
2008,13727,2,PRB
2008,466,2,PPS
2008,209,2,PRP
2008,2380,2,PSDC
2008,3945,4,PR
2008,3414,4,PDT
2008,671,4,PTC
2008,831,4,PT DO B
2008,8710,4,PTB
2008,1921,4,PHS
2008,5952,4,DEM
2008,2125,4,PRTB
2008,2,4,PSTU
2008,513,4,PSOL
2008,5636,4,PMDB
2008,2666,4,PP
2008,1502,4,PTN
2008,5283,4,PSC
2008,1721,4,PC DO B
2008,3482,4,PSDB
2008,5129,4,PV
2008,3663,4,PT
2008,1516,4,PMN
2008,217,4,PCB
2008,7242,4,PSB
2008,1818,4,PSL
2008,16321,4,PRB
2008,2025,4,PPS
2008,658,4,PRP
2008,2959,4,PSDC
2008,806,1,PR
2008,2651,1,PDT
2008,6,1,PSD
2008,414,1,PTC
2008,257,1,PT DO B
2008,2351,1,PTB
2008,426,1,PHS
2008,1849,1,DEM
2008,120,1,PRTB
2008,1,1,PSTU
2008,330,1,PSOL
2008,2221,1,PMDB
2008,1587,1,PP
2008,250,1,PTN
2008,3016,1,PSC
2008,543,1,PC DO B
2008,1538,1,PSDB
2008,2080,1,PV
2008,2300,1,PT
2008,196,1,PMN
2008,28,1,PCB
2008,3450,1,PSB
2008,229,1,PSL
2008,10653,1,PRB
2008,641,1,PPS
2008,145,1,PRP
2008,3611,1,PSDC
2008,1816,3,PR
2008,3160,3,PDT
2008,796,3,PTC
2008,702,3,PT DO B
2008,10373,3,PTB
2008,1054,3,PHS
2008,4963,3,DEM
2008,833,3,PRTB
2008,2,3,PSTU
2008,306,3,PSOL
2008,4368,3,PMDB
2008,2018,3,PP
2008,1329,3,PTN
2008,3069,3,PSC
2008,1672,3,PC DO B
2008,2662,3,PSDB
2008,2842,3,PV
2008,3895,3,PT
2008,966,3,PMN
2008,6,3,PCB
2008,4165,3,PSB
2008,1178,3,PSL
2008,13732,3,PRB
2008,928,3,PPS
2008,1050,3,PRP
2008,3652,3,PSDC
1995,305,2,PR
1995,1,2,PCO
1995,538,2,PDT
1995,3,2,PTC
1995,108,2,PT DO B
1995,1031,2,PTB
1995,3,2,PHS
1995,902,2,DEM
1995,13,2,PRTB
1995,1514,2,PSTU
1995,1,2,PSOL
1995,8219,2,PMDB
1995,1026,2,PP
1995,3,2,PTN
1995,199,2,PSC
1995,180,2,PC DO B
1995,1376,2,PSDB
1995,199,2,PV
1995,993,2,PT
1995,418,2,PMN
1995,19,2,PCB
1995,308,2,PSB
1995,21,2,PSL
1995,1,2,PRB
1995,149,2,PPS
1995,575,2,PRP
1995,22,2,PSDC
1995,258,4,PR
1995,788,4,PDT
1995,2,4,PTC
1995,334,4,DEM
1995,1694,4,PTB
1995,395,4,PT DO B
1995,5,4,PRTB
1995,989,4,PSTU
1995,104,4,PV
1995,1329,4,PMDB
1995,1058,4,PP
1995,1,4,PTN
1995,179,4,PSC
1995,223,4,PC DO B
1995,828,4,PSDB
1995,1195,4,PT
1995,283,4,PMN
1995,14,4,PCB
1995,1,4,PROS
1995,448,4,PSB
1995,6,4,PSL
1995,124,4,PSDC
1995,129,4,PPS
1995,1214,4,PRP
1995,236,1,PR
1995,12,1,PCO
1995,623,1,PDT
1995,4,1,PTC
1995,88,1,PT DO B
1995,485,1,PTB
1995,48,1,PHS
1995,438,1,DEM
1995,30,1,PRTB
1995,363,1,PSTU
1995,163,1,PV
1995,2812,1,PMDB
1995,533,1,PP
1995,6,1,PTN
1995,139,1,PSC
1995,250,1,PC DO B
1995,1092,1,PSDB
1995,1603,1,PT
1995,405,1,PMN
1995,15,1,PCB
1995,169,1,PSB
1995,22,1,PSL
1995,1,1,PRB
1995,154,1,PPS
1995,1014,1,PRP
1995,11,1,PSDC
1995,428,3,PR
1995,1,3,PCO
1995,992,3,PDT
1995,19,3,PTC
1995,336,3,PT DO B
1995,1644,3,PTB
1995,4,3,PHS
1995,2261,3,DEM
1995,2,3,PRTB
1995,3025,3,PSTU
1995,374,3,PV
1995,6890,3,PMDB
1995,1097,3,PP
1995,2,3,PTN
1995,379,3,PSC
1995,313,3,PC DO B
1995,2178,3,PSDB
1995,1721,3,PT
1995,1164,3,PMN
1995,48,3,PCB
1995,788,3,PSB
1995,5,3,PSL
1995,4,3,PRB
1995,264,3,PPS
1995,1315,3,PRP
1995,11,3,PSDC
2014,106,2,PR
2014,770,2,PDT
2014,401,2,PSD
2014,2,2,PSTU
2014,110,2,DEM
2014,301,2,PTB
2014,624,2,PEN
2014,175,2,PT DO B
2014,489,2,PRB
2014,516,2,PRTB
2014,32,2,PTC
2014,177,2,PSOL
2014,996,2,PMDB
2014,2321,2,SD
2014,629,2,PP
2014,106,2,PTN
2014,358,2,PSC
2014,198,2,PC DO B
2014,560,2,PSDB
2014,148,2,PV
2014,295,2,PT
2014,170,2,PMN
2014,2,2,PCB
2014,1292,2,PROS
2014,694,2,PSB
2014,56,2,PSL
2014,32,2,PSDC
2014,93,2,PPS
2014,688,2,PHS
2014,126,2,PRP
2014,527,4,PR
2014,592,4,PDT
2014,1422,4,PSD
2014,4,4,PSTU
2014,285,4,DEM
2014,561,4,PTB
2014,912,4,PEN
2014,297,4,PT DO B
2014,1244,4,PRB
2014,281,4,PRTB
2014,172,4,PTC
2014,500,4,PSOL
2014,1792,4,PMDB
2014,3822,4,SD
2014,1121,4,PP
2014,349,4,PTN
2014,372,4,PSC
2014,305,4,PC DO B
2014,1119,4,PSDB
2014,531,4,PV
2014,534,4,PT
2014,290,4,PMN
2014,1,4,PCB
2014,3392,4,PROS
2014,1185,4,PSB
2014,170,4,PSL
2014,277,4,PSDC
2014,235,4,PPS
2014,5414,4,PHS
2014,224,4,PRP
2014,731,1,PR
2014,254,1,PDT
2014,381,1,PSD
2014,5,1,PSTU
2014,93,1,DEM
2014,315,1,PTB
2014,178,1,PEN
2014,99,1,PT DO B
2014,124,1,PMN
2014,319,1,PRTB
2014,26,1,PTC
2014,649,1,PSOL
2014,1341,1,PMDB
2014,3194,1,SD
2014,379,1,PP
2014,256,1,PTN
2014,477,1,PSC
2014,155,1,PC DO B
2014,853,1,PSDB
2014,178,1,PV
2014,165,1,PT
2014,502,1,PRB
2014,3,1,PCB
2014,1013,1,PROS
2014,661,1,PSB
2014,61,1,PSL
2014,1,1,PPL
2014,44,1,PSDC
2014,107,1,PPS
2014,771,1,PHS
2014,109,1,PRP
2014,243,3,PR
2014,700,3,PDT
2014,448,3,PSD
2014,50,3,PTC
2014,103,3,PT DO B
2014,265,3,PTB
2014,820,3,PEN
2014,238,3,DEM
2014,347,3,PRTB
2014,6,3,PSTU
2014,189,3,PSOL
2014,1161,3,PMDB
2014,2289,3,SD
2014,707,3,PP
2014,208,3,PTN
2014,332,3,PSC
2014,297,3,PC DO B
2014,766,3,PSDB
2014,156,3,PV
2014,443,3,PT
2014,328,3,PMN
2014,2107,3,PROS
2014,734,3,PSB
2014,125,3,PSL
2014,919,3,PRB
2014,154,3,PPS
2014,268,3,PRP
2014,5980,3,PHS
2014,46,3,PSDC
1982,1979,2,PP
1982,2,2,PTC
1982,4,2,PC DO B
1982,4,2,PSDB
1982,1976,2,PT
1982,2,2,PMN
1982,750,2,PTB
1982,3,2,PSB
1982,1,2,PT DO B
1982,15,2,DEM
1982,4,2,PPS
1982,1624,2,PDT
1982,3555,2,PMDB
1982,3,4,PR
1982,1880,4,PP
1982,1,4,PTN
1982,3,4,PSC
1982,17,4,PSDB
1982,863,4,PT
1982,2,4,PMN
1982,753,4,PTB
1982,1,4,PSB
1982,1,4,PT DO B
1982,23,4,DEM
1982,1,4,PPS
1982,616,4,PDT
1982,1,4,PV
1982,8438,4,PMDB
1982,1,4,PRP
1982,1,1,PR
1982,785,1,PDT
1982,1,1,PCB
1982,1,1,PSC
1982,7,1,PC DO B
1982,1084,1,PT
1982,17,1,DEM
1982,735,1,PTB
1982,1445,1,PP
1982,1,1,PRB
1982,1,1,PHS
1982,1,1,PRTB
1982,1,1,PV
1982,2060,1,PMDB
1982,11,3,PR
1982,1746,3,PDT
1982,2,3,PTN
1982,6,3,PC DO B
1982,23,3,PSDB
1982,1839,3,PT
1982,32,3,DEM
1982,2161,3,PTB
1982,6,3,PSB
1982,2,3,PMN
1982,3,3,PT DO B
1982,3,3,PPS
1982,3,3,PTC
1982,3937,3,PP
1982,2,3,PV
1982,8071,3,PMDB
1982,4,3,PRP
2013,81,2,PR
2013,422,2,PDT
2013,375,2,PSD
2013,18,2,PSTU
2013,52,2,DEM
2013,577,2,PTB
2013,288,2,PEN
2013,85,2,PT DO B
2013,71,2,PMN
2013,10,2,PRTB
2013,100,2,PTC
2013,936,2,PSOL
2013,1315,2,PMDB
2013,27,2,SD
2013,463,2,PP
2013,85,2,PTN
2013,121,2,PSC
2013,487,2,PC DO B
2013,1180,2,PSDB
2013,128,2,PV
2013,379,2,PT
2013,384,2,PRB
2013,13,2,PCB
2013,3,2,PROS
2013,613,2,PSB
2013,110,2,PSL
2013,67,2,PPL
2013,73,2,PSDC
2013,96,2,PPS
2013,164,2,PHS
2013,185,2,PRP
2013,737,4,PR
2013,1,4,PCO
2013,2471,4,PDT
2013,1926,4,PSD
2013,107,4,PSTU
2013,205,4,DEM
2013,2740,4,PTB
2013,1016,4,PEN
2013,192,4,PT DO B
2013,217,4,PMN
2013,29,4,PRTB
2013,421,4,PTC
2013,9152,4,PSOL
2013,2824,4,PMDB
2013,25,4,SD
2013,1523,4,PP
2013,199,4,PTN
2013,483,4,PSC
2013,841,4,PC DO B
2013,933,4,PSDB
2013,405,4,PV
2013,642,4,PT
2013,1889,4,PRB
2013,8,4,PCB
2013,4,4,PROS
2013,1171,4,PSB
2013,129,4,PSL
2013,70,4,PPL
2013,159,4,PSDC
2013,264,4,PPS
2013,231,4,PHS
2013,470,4,PRP
2013,274,1,PR
2013,433,1,PDT
2013,299,1,PSD
2013,28,1,PSTU
2013,199,1,DEM
2013,849,1,PTB
2013,25,1,PEN
2013,103,1,PT DO B
2013,41,1,PMN
2013,26,1,PRTB
2013,53,1,PTC
2013,443,1,PSOL
2013,1226,1,PMDB
2013,66,1,SD
2013,581,1,PP
2013,233,1,PTN
2013,183,1,PSC
2013,449,1,PC DO B
2013,3317,1,PSDB
2013,138,1,PV
2013,698,1,PT
2013,709,1,PRB
2013,9,1,PCB
2013,6,1,PROS
2013,682,1,PSB
2013,114,1,PSL
2013,87,1,PPL
2013,31,1,PSDC
2013,84,1,PPS
2013,51,1,PHS
2013,93,1,PRP
2013,100,3,PR
2013,835,3,PDT
2013,1035,3,PSD
2013,42,3,PSTU
2013,184,3,DEM
2013,2597,3,PTB
2013,242,3,PEN
2013,78,3,PT DO B
2013,209,3,PMN
2013,65,3,PRTB
2013,368,3,PTC
2013,7738,3,PSOL
2013,2047,3,PMDB
2013,97,3,SD
2013,1236,3,PP
2013,221,3,PTN
2013,300,3,PSC
2013,582,3,PC DO B
2013,2403,3,PSDB
2013,163,3,PV
2013,936,3,PT
2013,736,3,PRB
2013,4,3,PCB
2013,10,3,PROS
2013,659,3,PSB
2013,182,3,PSL
2013,53,3,PPL
2013,101,3,PSDC
2013,139,3,PPS
2013,116,3,PHS
2013,177,3,PRP
1980,12,2,PR
1980,144,2,PP
1980,29,2,PDT
1980,6,2,PC DO B
1980,11,2,PSDB
1980,31,2,PT
1980,25,2,PMN
1980,23,2,PTB
1980,10,2,PSB
1980,73,2,DEM
1980,5,2,PPS
1980,1,2,PSOL
1980,268,2,PMDB
1980,4,4,PR
1980,138,4,PP
1980,2,4,PTC
1980,6,4,PC DO B
1980,3,4,PSDB
1980,21,4,PT
1980,18,4,DEM
1980,33,4,PTB
1980,1,4,PSB
1980,1,4,PSDC
1980,4,4,PPS
1980,55,4,PDT
1980,196,4,PMDB
1980,44,1,PR
1980,768,1,PPS
1980,3582,1,PDT
1980,2,1,PTN
1980,44,1,PSC
1980,38,1,PC DO B
1980,757,1,PSDB
1980,14,1,PSL
1980,855,1,PT
1980,808,1,DEM
1980,280,1,PTB
1980,392,1,PSB
1980,110,1,PMN
1980,70,1,PT DO B
1980,143,1,PSDC
1980,1,1,PHS
1980,10,1,PTC
1980,1231,1,PP
1980,4,1,PV
1980,7327,1,PMDB
1980,10,1,PRP
1980,13,3,PR
1980,181,3,PP
1980,81,3,PDT
1980,2,3,PSC
1980,25,3,PC DO B
1980,13,3,PSDB
1980,38,3,PT
1980,23,3,DEM
1980,32,3,PTB
1980,6,3,PSB
1980,1,3,PT DO B
1980,6,3,PPS
1980,36,3,PV
1980,451,3,PMDB
1980,1,3,PSDC
1990,9429,2,PR
1990,3324,2,PDT
1990,607,2,PTC
1990,299,2,DEM
1990,785,2,PTB
1990,1,2,PHS
1990,20,2,PT DO B
1990,4,2,PRTB
1990,16,2,PV
1990,2149,2,PMDB
1990,5645,2,PP
1990,118,2,PSC
1990,271,2,PC DO B
1990,7941,2,PSDB
1990,1,2,PSOL
1990,2670,2,PT
1990,2662,2,PMN
1990,720,2,PSB
1990,2,2,PSL
1990,1,2,PSDC
1990,19,2,PPS
1990,1380,2,PRP
1990,1374,4,PR
1990,1923,4,PP
1990,1284,4,PTC
1990,158,4,PSC
1990,964,4,PC DO B
1990,4243,4,PSDB
1990,1890,4,PT
1990,1459,4,PMN
1990,1913,4,PTB
1990,583,4,PSB
1990,1,4,PSL
1990,83,4,PT DO B
1990,276,4,DEM
1990,36,4,PPS
1990,4960,4,PDT
1990,50,4,PV
1990,359,4,PMDB
1990,683,4,PRP
1990,2748,1,PR
1990,1012,1,PDT
1990,210,1,DEM
1990,2,1,PTN
1990,382,1,PTB
1990,19,1,PT DO B
1990,2,1,PRB
1990,6,1,PRTB
1990,340,1,PTC
1990,1,1,PV
1990,351,1,PMDB
1990,3366,1,PP
1990,1,1,PCB
1990,78,1,PSC
1990,129,1,PC DO B
1990,3325,1,PSDB
1990,1557,1,PT
1990,674,1,PMN
1990,261,1,PSB
1990,2,1,PSL
1990,78,1,PPS
1990,971,1,PRP
1990,3975,3,PR
1990,17027,3,PDT
1990,2210,3,PTC
1990,218,3,PT DO B
1990,2388,3,PTB
1990,4,3,PHS
1990,1,3,PRB
1990,10,3,PRTB
1990,2,3,PCB
1990,158,3,PV
1990,14284,3,PMDB
1990,4185,3,PP
1990,56,3,PTN
1990,230,3,PSC
1990,820,3,PC DO B
1990,18911,3,PSDB
1990,7976,3,PT
1990,3496,3,PMN
1990,1954,3,PSB
1990,989,3,DEM
1990,192,3,PPS
1990,1924,3,PRP
2001,153,2,PR
2001,385,2,PDT
2001,1,2,PSD
2001,15,2,PTC
2001,24,2,PT DO B
2001,1073,2,PTB
2001,77,2,PHS
2001,319,2,DEM
2001,73,2,PRTB
2001,5,2,PSTU
2001,90,2,PV
2001,1444,2,PMDB
2001,665,2,PP
2001,217,2,PTN
2001,45,2,PSC
2001,300,2,PC DO B
2001,3302,2,PSDB
2001,1687,2,PT
2001,35,2,PMN
2001,4,2,PCB
2001,333,2,PSB
2001,35,2,PSL
2001,2,2,PRB
2001,526,2,PPS
2001,109,2,PRP
2001,27,2,PSDC
2001,828,4,PR
2001,2,4,PCO
2001,1184,4,PDT
2001,1,4,PSD
2001,7,4,PTC
2001,46,4,PT DO B
2001,2671,4,PTB
2001,136,4,PHS
2001,1402,4,DEM
2001,47,4,PRTB
2001,7,4,PSTU
2001,5,4,PSOL
2001,5859,4,PMDB
2001,1465,4,PP
2001,215,4,PTN
2001,213,4,PSC
2001,233,4,PC DO B
2001,4835,4,PSDB
2001,91,4,PV
2001,2207,4,PT
2001,96,4,PMN
2001,2,4,PCB
2001,828,4,PSB
2001,381,4,PSL
2001,14,4,PRB
2001,1125,4,PPS
2001,189,4,PRP
2001,104,4,PSDC
2001,1370,1,PR
2001,9,1,PCO
2001,550,1,PDT
2001,2,1,PSD
2001,12,1,PTC
2001,93,1,PT DO B
2001,1053,1,PTB
2001,60,1,PHS
2001,606,1,DEM
2001,353,1,PRTB
2001,13,1,PSTU
2001,1,1,PSOL
2001,2359,1,PMDB
2001,1095,1,PP
2001,244,1,PTN
2001,124,1,PSC
2001,250,1,PC DO B
2001,2092,1,PSDB
2001,159,1,PV
2001,2831,1,PT
2001,27,1,PMN
2001,19,1,PCB
2001,655,1,PSB
2001,49,1,PSL
2001,5,1,PRB
2001,749,1,PPS
2001,46,1,PRP
2001,84,1,PSDC
2001,396,3,PR
2001,714,3,PDT
2001,1,3,PSD
2001,11,3,PTC
2001,119,3,PT DO B
2001,3667,3,PTB
2001,257,3,PHS
2001,812,3,DEM
2001,75,3,PRTB
2001,13,3,PSTU
2001,1,3,PSOL
2001,5458,3,PMDB
2001,1049,3,PP
2001,353,3,PTN
2001,168,3,PSC
2001,363,3,PC DO B
2001,4916,3,PSDB
2001,168,3,PV
2001,3124,3,PT
2001,336,3,PMN
2001,12,3,PCB
2001,1107,3,PSB
2001,208,3,PSL
2001,8,3,PRB
2001,1800,3,PPS
2001,159,3,PRP
2001,67,3,PSDC
2015,103,2,PR
2015,353,2,PDT
2015,337,2,PSD
2015,1,2,PSTU
2015,145,2,DEM
2015,133,2,PTB
2015,319,2,PEN
2015,117,2,PT DO B
2015,407,2,PRB
2015,74,2,PRTB
2015,75,2,PTC
2015,543,2,PSOL
2015,959,2,PMDB
2015,421,2,SD
2015,344,2,PP
2015,24,2,PTN
2015,202,2,PSC
2015,124,2,PC DO B
2015,10770,2,PSDB
2015,102,2,PV
2015,425,2,PT
2015,80,2,PMN
2015,1,2,PCB
2015,835,2,PROS
2015,341,2,PSB
2015,48,2,PSL
2015,30,2,PSDC
2015,146,2,PPS
2015,392,2,PHS
2015,100,2,PRP
2015,578,4,PR
2015,767,4,PDT
2015,2051,4,PSD
2015,147,4,PTC
2015,209,4,PT DO B
2015,553,4,PTB
2015,339,4,PEN
2015,268,4,DEM
2015,35,4,PRTB
2015,6,4,PSTU
2015,6384,4,PSOL
2015,3130,4,PMDB
2015,1481,4,SD
2015,1098,4,PP
2015,211,4,PTN
2015,354,4,PSC
2015,246,4,PC DO B
2015,4020,4,PSDB
2015,296,4,PV
2015,1308,4,PT
2015,119,4,PMN
2015,487,4,PROS
2015,1084,4,PSB
2015,83,4,PSL
2015,480,4,PRB
2015,315,4,PPS
2015,325,4,PRP
2015,611,4,PHS
2015,109,4,PSDC
2015,71,1,PR
2015,568,1,PDT
2015,365,1,PSD
2015,122,1,DEM
2015,172,1,PTB
2015,118,1,PEN
2015,82,1,PT DO B
2015,206,1,PRB
2015,44,1,PRTB
2015,35,1,PTC
2015,326,1,PSOL
2015,925,1,PMDB
2015,361,1,SD
2015,185,1,PP
2015,87,1,PTN
2015,91,1,PSC
2015,103,1,PC DO B
2015,4163,1,PSDB
2015,71,1,PV
2015,243,1,PT
2015,147,1,PMN
2015,1,1,PCB
2015,725,1,PROS
2015,437,1,PSB
2015,37,1,PSL
2015,91,1,PSDC
2015,135,1,PPS
2015,89,1,PHS
2015,31,1,PRP
2015,339,3,PR
2015,875,3,PDT
2015,1173,3,PSD
2015,193,3,PTC
2015,143,3,PT DO B
2015,444,3,PTB
2015,153,3,PEN
2015,238,3,DEM
2015,87,3,PRTB
2015,4361,3,PSOL
2015,2045,3,PMDB
2015,933,3,SD
2015,835,3,PP
2015,227,3,PTN
2015,237,3,PSC
2015,208,3,PC DO B
2015,4606,3,PSDB
2015,208,3,PV
2015,575,3,PT
2015,247,3,PMN
2015,497,3,PROS
2015,1066,3,PSB
2015,158,3,PSL
2015,935,3,PRB
2015,292,3,PPS
2015,270,3,PRP
2015,658,3,PHS
2015,105,3,PSDC
1992,3236,2,PR
1992,7967,2,PDT
1992,2,2,PSD
1992,983,2,PTC
1992,5220,2,DEM
1992,7281,2,PTB
1992,1,2,PHS
1992,523,2,PT DO B
1992,2,2,PRTB
1992,4,2,PCB
1992,997,2,PV
1992,95084,2,PMDB
1992,17524,2,PP
1992,55,2,PTN
1992,3358,2,PSC
1992,172,2,PC DO B
1992,8017,2,PSDB
1992,5530,2,PT
1992,2895,2,PMN
1992,2279,2,PSB
1992,6,2,PSL
1992,1,2,PSDC
1992,72,2,PPS
1992,2702,2,PRP
1992,6712,4,PR
1992,12058,4,PDT
1992,2747,4,PTC
1992,1623,4,PT DO B
1992,16551,4,PTB
1992,8,4,PHS
1992,13371,4,DEM
1992,10,4,PRTB
1992,11,4,PSTU
1992,1,4,PSOL
1992,15644,4,PMDB
1992,21268,4,PP
1992,13,4,PTN
1992,2833,4,PSC
1992,703,4,PC DO B
1992,11765,4,PSDB
1992,1125,4,PV
1992,6776,4,PT
1992,2653,4,PMN
1992,38,4,PCB
1992,2951,4,PSB
1992,39,4,PSL
1992,1,4,PCO
1992,622,4,PPS
1992,2751,4,PRP
1992,1712,1,PR
1992,1,1,SD
1992,3744,1,PDT
1992,1,1,PTN
1992,1989,1,PSC
1992,186,1,PC DO B
1992,4038,1,PSDB
1992,1,1,PSTU
1992,2320,1,PT
1992,2327,1,DEM
1992,4334,1,PTB
1992,2899,1,PSB
1992,2715,1,PMN
1992,18,1,PT DO B
1992,783,1,PTC
1992,74,1,PPS
1992,1,1,PRTB
1992,16082,1,PP
1992,403,1,PV
1992,9651,1,PMDB
1992,651,1,PRP
1992,13012,3,PR
1992,21,3,PCO
1992,24931,3,PDT
1992,3494,3,PTC
1992,24346,3,DEM
1992,28176,3,PTB
1992,13,3,PHS
1992,1279,3,PT DO B
1992,14,3,PRTB
1992,11,3,PSTU
1992,2368,3,PV
1992,32790,3,PMDB
1992,44274,3,PP
1992,146,3,PTN
1992,8450,3,PSC
1992,1284,3,PC DO B
1992,22606,3,PSDB
1992,22682,3,PT
1992,6811,3,PMN
1992,19,3,PCB
1992,6390,3,PSB
1992,2,3,PSL
1992,6,3,PSDC
1992,1803,3,PPS
1992,7343,3,PRP
2007,438,2,PR
2007,2,2,PCO
2007,1700,2,PDT
2007,1,2,PSD
2007,76,2,PTC
2007,172,2,PT DO B
2007,600,2,PTB
2007,86,2,PHS
2007,1062,2,DEM
2007,72,2,PRTB
2007,4,2,PSTU
2007,473,2,PSOL
2007,3328,2,PMDB
2007,1812,2,PP
2007,173,2,PTN
2007,261,2,PSC
2007,888,2,PC DO B
2007,35126,2,PSDB
2007,856,2,PV
2007,7483,2,PT
2007,91,2,PMN
2007,73,2,PCB
2007,874,2,PSB
2007,352,2,PSL
2007,9493,2,PRB
2007,577,2,PPS
2007,74,2,PRP
2007,234,2,PSDC
2007,1713,4,PR
2007,4967,4,PDT
2007,1,4,PSD
2007,534,4,PTC
2007,646,4,PT DO B
2007,2517,4,PTB
2007,419,4,PHS
2007,2492,4,DEM
2007,538,4,PRTB
2007,31,4,PSTU
2007,3885,4,PSOL
2007,13246,4,PMDB
2007,4250,4,PP
2007,332,4,PTN
2007,1032,4,PSC
2007,1548,4,PC DO B
2007,5687,4,PSDB
2007,1714,4,PV
2007,10992,4,PT
2007,635,4,PMN
2007,61,4,PCB
2007,3638,4,PSB
2007,918,4,PSL
2007,3559,4,PRB
2007,2636,4,PPS
2007,438,4,PRP
2007,1011,4,PSDC
2007,205,1,PR
2007,1,1,PCO
2007,1486,1,PDT
2007,48,1,PTC
2007,167,1,PT DO B
2007,544,1,PTB
2007,74,1,PHS
2007,1300,1,DEM
2007,70,1,PRTB
2007,8,1,PSTU
2007,711,1,PSOL
2007,3868,1,PMDB
2007,1392,1,PP
2007,161,1,PTN
2007,241,1,PSC
2007,687,1,PC DO B
2007,7698,1,PSDB
2007,475,1,PV
2007,12841,1,PT
2007,70,1,PMN
2007,21,1,PCB
2007,1038,1,PSB
2007,137,1,PSL
2007,553,1,PRB
2007,463,1,PPS
2007,84,1,PRP
2007,236,1,PSDC
2007,1773,3,PR
2007,3924,3,PDT
2007,1,3,PSD
2007,310,3,PTC
2007,329,3,PT DO B
2007,2378,3,PTB
2007,204,3,PHS
2007,1927,3,DEM
2007,287,3,PRTB
2007,14,3,PSTU
2007,1722,3,PSOL
2007,9656,3,PMDB
2007,2748,3,PP
2007,404,3,PTN
2007,441,3,PSC
2007,1658,3,PC DO B
2007,5687,3,PSDB
2007,1191,3,PV
2007,12081,3,PT
2007,470,3,PMN
2007,43,3,PCB
2007,2272,3,PSB
2007,839,3,PSL
2007,1084,3,PRB
2007,1568,3,PPS
2007,328,3,PRP
2007,862,3,PSDC
1991,181,2,PR
1991,713,2,PDT
1991,12,2,PCB
1991,24,2,PSC
1991,1722,2,PC DO B
1991,1183,2,PSDB
1991,395,2,PT
1991,12260,2,DEM
1991,461,2,PTB
1991,445,2,PSB
1991,520,2,PMN
1991,3,2,PT DO B
1991,17,2,PPS
1991,59,2,PTC
1991,1116,2,PP
1991,1,2,PV
1991,606,2,PMDB
1991,318,2,PRP
1991,196,4,PR
1991,1152,4,PDT
1991,1,4,PTN
1991,1,4,SD
1991,68,4,PC DO B
1991,893,4,PSDB
1991,90,4,PSC
1991,525,4,PT
1991,585,4,DEM
1991,1425,4,PTB
1991,186,4,PSB
1991,212,4,PMN
1991,1,4,PT DO B
1991,1,4,PSDC
1991,28,4,PTC
1991,46,4,PPS
1991,3,4,PCB
1991,3401,4,PP
1991,3,4,PV
1991,278,4,PMDB
1991,71,4,PRP
1991,225,1,PR
1991,594,1,PDT
1991,1,1,PTN
1991,1,1,SD
1991,3675,1,PC DO B
1991,922,1,PSDB
1991,22,1,PSC
1991,1,1,PSL
1991,749,1,PT
1991,3895,1,DEM
1991,670,1,PTB
1991,259,1,PSB
1991,214,1,PMN
1991,1,1,PT DO B
1991,34,1,PTC
1991,51,1,PPS
1991,3,1,PCB
1991,730,1,PP
1991,2,1,PV
1991,448,1,PMDB
1991,151,1,PRP
1991,297,3,PR
1991,1479,3,PDT
1991,180,3,PTC
1991,1,3,PT DO B
1991,1495,3,PTB
1991,1406,3,DEM
1991,1,3,PRTB
1991,2,3,PSTU
1991,13,3,PV
1991,685,3,PMDB
1991,1991,3,PP
1991,9,3,PTN
1991,65,3,PSC
1991,129,3,PC DO B
1991,1224,3,PSDB
1991,1081,3,PT
1991,276,3,PMN
1991,25,3,PCB
1991,968,3,PSB
1991,1,3,PRB
1991,62,3,PPS
1991,304,3,PRP
1991,1,3,PSDC
2000,1888,2,PR
2000,1154,2,PDT
2000,74,2,PTC
2000,127,2,PT DO B
2000,2941,2,PTB
2000,496,2,PHS
2000,1856,2,DEM
2000,460,2,PRTB
2000,1,2,PSTU
2000,712,2,PV
2000,2182,2,PMDB
2000,5400,2,PP
2000,1130,2,PTN
2000,674,2,PSC
2000,573,2,PC DO B
2000,2003,2,PSDB
2000,1903,2,PT
2000,175,2,PMN
2000,14,2,PCB
2000,939,2,PSB
2000,272,2,PSL
2000,11,2,PRB
2000,1848,2,PPS
2000,145,2,PRP
2000,259,2,PSDC
2000,3089,4,PR
2000,5,4,PCO
2000,3191,4,PDT
2000,96,4,PTC
2000,176,4,PT DO B
2000,3876,4,PTB
2000,287,4,PHS
2000,3330,4,DEM
2000,654,4,PRTB
2000,4,4,PSTU
2000,847,4,PV
2000,4088,4,PMDB
2000,3538,4,PP
2000,424,4,PTN
2000,1487,4,PSC
2000,523,4,PC DO B
2000,3422,4,PSDB
2000,2589,4,PT
2000,199,4,PMN
2000,15,4,PCB
2000,1071,4,PSB
2000,794,4,PSL
2000,5,4,PRB
2000,2169,4,PPS
2000,574,4,PRP
2000,832,4,PSDC
2000,1149,1,PR
2000,1,1,PCO
2000,991,1,PDT
2000,61,1,PTC
2000,301,1,PT DO B
2000,2013,1,PTB
2000,72,1,PHS
2000,1355,1,DEM
2000,278,1,PRTB
2000,3,1,PSTU
2000,555,1,PV
2000,2033,1,PMDB
2000,1758,1,PP
2000,364,1,PTN
2000,570,1,PSC
2000,458,1,PC DO B
2000,1114,1,PSDB
2000,3361,1,PT
2000,227,1,PMN
2000,11,1,PCB
2000,823,1,PSB
2000,456,1,PSL
2000,12,1,PRB
2000,1332,1,PPS
2000,141,1,PRP
2000,230,1,PSDC
2000,2155,3,PR
2000,9,3,PCO
2000,1779,3,PDT
2000,104,3,PTC
2000,229,3,PT DO B
2000,4508,3,PTB
2000,367,3,PHS
2000,2350,3,DEM
2000,653,3,PRTB
2000,4,3,PSTU
2000,2,3,PSOL
2000,3323,3,PMDB
2000,3186,3,PP
2000,385,3,PTN
2000,1500,3,PSC
2000,567,3,PC DO B
2000,2443,3,PSDB
2000,1051,3,PV
2000,2237,3,PT
2000,568,3,PMN
2000,30,3,PCB
2000,1669,3,PSB
2000,424,3,PSL
2000,3,3,PRB
2000,2066,3,PPS
2000,1073,3,PRP
2000,473,3,PSDC
1983,107,2,PP
1983,301,2,PDT
1983,4,2,PC DO B
1983,4,2,PSDB
1983,364,2,PT
1983,10,2,DEM
1983,28,2,PTB
1983,1,2,PSB
1983,2,2,PMN
1983,1,2,PHS
1983,1,2,PRB
1983,461,2,PMDB
1983,23,4,PR
1983,147,4,PP
1983,1,4,PTC
1983,1,4,PSD
1983,2,4,PC DO B
1983,5,4,PSDB
1983,174,4,PT
1983,4,4,DEM
1983,6,4,PTB
1983,2,4,PPS
1983,485,4,PDT
1983,738,4,PMDB
1983,1,1,PR
1983,105,1,PP
1983,206,1,PDT
1983,1,1,PSC
1983,2,1,PC DO B
1983,2,1,PSDB
1983,319,1,PT
1983,24,1,DEM
1983,8,1,PTB
1983,1,1,PSB
1983,1,1,PSOL
1983,345,1,PMDB
1983,6,3,PR
1983,498,3,PDT
1983,3,3,PTN
1983,5,3,PC DO B
1983,7,3,PSDB
1983,301,3,PT
1983,9,3,DEM
1983,27,3,PTB
1983,1,3,PSB
1983,547,3,PP
1983,1,3,PRB
1983,2,3,PPS
1983,1,3,PCB
1983,1740,3,PMDB
1985,2,2,PR
1985,117,2,PP
1985,2883,2,PDT
1985,8,2,PC DO B
1985,6,2,PSB
1985,9,2,PSDB
1985,246,2,PT
1985,1,2,PMN
1985,1794,2,PTB
1985,1,2,PPS
1985,159,2,DEM
1985,1,2,PHS
1985,1,2,PV
1985,2410,2,PMDB
1985,1,4,PR
1985,228,4,PDT
1985,1,4,PTN
1985,2,4,PSC
1985,4,4,PC DO B
1985,290,4,PT
1985,97,4,DEM
1985,331,4,PTB
1985,2,4,PSB
1985,134,4,PP
1985,3,4,PPS
1985,5,4,PTC
1985,3207,4,PMDB
1985,1,4,PRP
1985,1,1,PR
1985,1,1,SD
1985,2967,1,PDT
1985,1,1,PSTU
1985,1,1,PSC
1985,15,1,PC DO B
1985,310,1,PT
1985,1,1,PMN
1985,520,1,PTB
1985,34,1,PP
1985,1,1,PRB
1985,355,1,DEM
1985,1,1,PTC
1985,1416,1,PMDB
1985,3,1,PRP
1985,1,3,PR
1985,1035,3,PDT
1985,21,3,PTN
1985,1,3,PSD
1985,10,3,PC DO B
1985,23,3,PSDB
1985,340,3,PT
1985,1,3,PMN
1985,3198,3,PTB
1985,6,3,PSB
1985,2509,3,PP
1985,118,3,DEM
1985,3,3,PPS
1985,2,3,PTC
1985,3698,3,PMDB
1985,1,3,PSC
1994,499,2,PR
1994,878,2,PDT
1994,1,2,SD
1994,487,2,DEM
1994,1216,2,PTB
1994,217,2,PT DO B
1994,2081,2,PMN
1994,7,2,PTC
1994,39,2,PV
1994,1566,2,PMDB
1994,3610,2,PP
1994,12,2,PSTU
1994,149,2,PSC
1994,812,2,PC DO B
1994,1502,2,PSDB
1994,2963,2,PT
1994,4,2,PRB
1994,52,2,PCB
1994,779,2,PSB
1994,1,2,PSL
1994,1,2,PCO
1994,200,2,PPS
1994,391,2,PRP
1994,117,4,PR
1994,1,4,SD
1994,1569,4,PDT
1994,3,4,PTN
1994,116,4,PSC
1994,202,4,PC DO B
1994,848,4,PSDB
1994,645,4,PT
1994,288,4,DEM
1994,1190,4,PCB
1994,1195,4,PTB
1994,529,4,PSB
1994,221,4,PMN
1994,97,4,PT DO B
1994,115,4,PTC
1994,253,4,PPS
1994,12,4,PSTU
1994,1649,4,PP
1994,62,4,PV
1994,511,4,PMDB
1994,388,4,PRP
1994,778,1,PR
1994,6,1,PCO
1994,2566,1,PDT
1994,62,1,PTC
1994,771,1,DEM
1994,1821,1,PTB
1994,1,1,PHS
1994,182,1,PT DO B
1994,4,1,PRTB
1994,100,1,PSTU
1994,85,1,PV
1994,1217,1,PMDB
1994,3378,1,PP
1994,6,1,PTN
1994,338,1,PSC
1994,1337,1,PC DO B
1994,1751,1,PSDB
1994,2057,1,PT
1994,633,1,PMN
1994,97,1,PCB
1994,1035,1,PSB
1994,1,1,PSDC
1994,341,1,PPS
1994,655,1,PRP
1994,471,3,PR
1994,1907,3,PDT
1994,100,3,PT DO B
1994,1,3,PTN
1994,1973,3,PTB
1994,646,3,DEM
1994,87,3,PTC
1994,37,3,PV
1994,1289,3,PMDB
1994,4057,3,PP
1994,8,3,PSTU
1994,199,3,PSC
1994,808,3,PC DO B
1994,2999,3,PSDB
1994,1,3,PSOL
1994,1980,3,PT
1994,841,3,PMN
1994,386,3,PCB
1994,1122,3,PSB
1994,3,3,PSL
1994,373,3,PPS
1994,359,3,PRP
1989,80,2,PR
1989,716,2,PDT
1989,3,2,PTN
1989,10,2,PSC
1989,55,2,PC DO B
1989,21727,2,PSDB
1989,1722,2,PT
1989,217,2,DEM
1989,311,2,PTB
1989,47,2,PSB
1989,62,2,PMN
1989,1,2,PT DO B
1989,30,2,PTC
1989,654,2,PPS
1989,1,2,PSTU
1989,116,2,PP
1989,2,2,PV
1989,230,2,PMDB
1989,5,2,PRP
1989,32,4,PR
1989,1,4,SD
1989,841,4,PDT
1989,72,4,PTN
1989,1,4,PSD
1989,74,4,PC DO B
1989,3488,4,PSDB
1989,19,4,PSC
1989,1493,4,PT
1989,61,4,DEM
1989,85,4,PTB
1989,14,4,PSB
1989,1089,4,PTC
1989,1,4,PMN
1989,775,4,PPS
1989,6,4,PCB
1989,191,4,PP
1989,8,4,PV
1989,308,4,PMDB
1989,5,4,PRP
1989,107,1,PR
1989,603,1,PDT
1989,2,1,PTN
1989,22,1,PSC
1989,97,1,PC DO B
1989,1351,1,PSDB
1989,1092,1,PT
1989,167,1,DEM
1989,164,1,PTB
1989,24,1,PSB
1989,67,1,PMN
1989,1,1,PT DO B
1989,3,1,PSDC
1989,8,1,PTC
1989,248,1,PPS
1989,1,1,PCB
1989,453,1,PP
1989,1,1,PSOL
1989,179,1,PMDB
1989,3,1,PRP
1989,144,3,PR
1989,1092,3,PDT
1989,3,3,PTN
1989,17,3,PSC
1989,70,3,PC DO B
1989,44772,3,PSDB
1989,4953,3,PT
1989,102,3,DEM
1989,2,3,PCB
1989,150,3,PTB
1989,42,3,PSB
1989,117,3,PTC
1989,37,3,PMN
1989,1210,3,PPS
1989,2,3,PRTB
1989,255,3,PP
1989,5,3,PV
1989,341,3,PMDB
1989,26,3,PRP
2005,373,2,PR
2005,5,2,PCO
2005,1071,2,PDT
2005,23,2,PTC
2005,28,2,PT DO B
2005,558,2,PTB
2005,121,2,PHS
2005,285,2,DEM
2005,110,2,PRTB
2005,40,2,PCB
2005,28,2,PSOL
2005,1887,2,PMDB
2005,989,2,PP
2005,47,2,PTN
2005,67,2,PSC
2005,629,2,PC DO B
2005,3282,2,PSDB
2005,238,2,PV
2005,1579,2,PT
2005,25,2,PMN
2005,408,2,PSB
2005,36,2,PSL
2005,12,2,PRB
2005,323,2,PPS
2005,16,2,PRP
2005,76,2,PSDC
2005,2303,4,PR
2005,1,4,PCO
2005,1887,4,PDT
2005,56,4,PTC
2005,1247,4,DEM
2005,3120,4,PTB
2005,182,4,PHS
2005,67,4,PT DO B
2005,34,4,PRTB
2005,4,4,PSTU
2005,2,4,PSOL
2005,6093,4,PMDB
2005,1970,4,PP
2005,143,4,PTN
2005,603,4,PSC
2005,746,4,PC DO B
2005,5627,4,PSDB
2005,369,4,PV
2005,1483,4,PT
2005,133,4,PMN
2005,9,4,PCB
2005,751,4,PSB
2005,230,4,PSL
2005,191,4,PSDC
2005,702,4,PPS
2005,71,4,PRP
2005,258,1,PR
2005,1,1,PCO
2005,810,1,PDT
2005,24,1,PTC
2005,11,1,PT DO B
2005,565,1,PTB
2005,267,1,PHS
2005,218,1,DEM
2005,43,1,PRTB
2005,3,1,PSTU
2005,43,1,PSOL
2005,1499,1,PMDB
2005,1322,1,PP
2005,31,1,PTN
2005,74,1,PSC
2005,363,1,PC DO B
2005,3862,1,PSDB
2005,249,1,PV
2005,1291,1,PT
2005,43,1,PMN
2005,56,1,PCB
2005,642,1,PSB
2005,226,1,PSL
2005,16,1,PRB
2005,282,1,PPS
2005,28,1,PRP
2005,89,1,PSDC
2005,461,3,PR
2005,25,3,PCO
2005,1280,3,PDT
2005,16,3,PTC
2005,26,3,PT DO B
2005,1489,3,PTB
2005,385,3,PHS
2005,629,3,DEM
2005,96,3,PRTB
2005,1,3,PSTU
2005,7,3,PSOL
2005,4535,3,PMDB
2005,1928,3,PP
2005,168,3,PTN
2005,207,3,PSC
2005,841,3,PC DO B
2005,6200,3,PSDB
2005,369,3,PV
2005,4930,3,PT
2005,507,3,PMN
2005,48,3,PCB
2005,919,3,PSB
2005,95,3,PSL
2005,11,3,PRB
2005,586,3,PPS
2005,37,3,PRP
2005,138,3,PSDC
